{
    "accuracy": 0.9100817438692098,
    "precision": 0.8518518518518519,
    "recall": 0.4423076923076923,
    "auc": 0.8863688780355448
}